REM INSERTING into FLIPBOARD.TBL_TIPO_IMAGENES
SET DEFINE OFF;
Insert into FLIPBOARD.TBL_TIPO_IMAGENES (CODIGO_TIPO_IMAGEN, TIPO_IMAGEN) values (1,'.PNG');
Insert into FLIPBOARD.TBL_TIPO_IMAGENES (CODIGO_TIPO_IMAGEN, TIPO_IMAGEN) values (2,'.jpg');
Insert into FLIPBOARD.TBL_TIPO_IMAGENES (CODIGO_TIPO_IMAGEN, TIPO_IMAGEN) values (3,'.jpeg');
Insert into FLIPBOARD.TBL_TIPO_IMAGENES (CODIGO_TIPO_IMAGEN, TIPO_IMAGEN) values (4,'.gif');

REM INSERTING into FLIPBOARD.TBL_IMAGENES
SET DEFINE OFF;
Insert into FLIPBOARD.TBL_IMAGENES (CODIGO_IMAGEN, NOMBRE_IMAGEN, TAMANIO_IMAGEN, CODIGO_TIPO_IMAGEN) values (1,'IMAGEN1', '65', 1);
Insert into FLIPBOARD.TBL_IMAGENES (CODIGO_IMAGEN, NOMBRE_IMAGEN, TAMANIO_IMAGEN, CODIGO_TIPO_IMAGEN) values (2,'IMAGEN2', '90', 2);
Insert into FLIPBOARD.TBL_IMAGENES (CODIGO_IMAGEN, NOMBRE_IMAGEN, TAMANIO_IMAGEN, CODIGO_TIPO_IMAGEN) values (3,'IMAGEN3', '89', 3);
Insert into FLIPBOARD.TBL_IMAGENES (CODIGO_IMAGEN, NOMBRE_IMAGEN, TAMANIO_IMAGEN, CODIGO_TIPO_IMAGEN) values (4,'IMAGEN4', '76', 4);

REM INSERTING into FLIPBOARD.TBL_USUARIO
SET DEFINE OFF;
Insert into FLIPBOARD.TBL_USUARIO (CODIGO_USUARIO, ALIAS_USUARIO, CANTIDAD_LECTORES, CANTIDAD_SEGUIDORES, CODIGO_IMAGEN, CONTRASENIA, CORREO_ELECTRONICO, DESCRIPCION_USUARIO, FECHA_REGISTRO, NOMBRE_USUARIO) values (1,'USUARIO1', 2, 3, 3, 'CONTRASENIA1', 'CORREO1@FLIPBOARD.COM', ' ', to_date('26-MAY-15','DD-MON-RR'), 'USUARIO1');
Insert into FLIPBOARD.TBL_USUARIO (CODIGO_USUARIO, ALIAS_USUARIO, CANTIDAD_LECTORES, CANTIDAD_SEGUIDORES, CODIGO_IMAGEN, CONTRASENIA, CORREO_ELECTRONICO, DESCRIPCION_USUARIO, FECHA_REGISTRO, NOMBRE_USUARIO) values (2,'USUARIO2', 1, 2, 4, 'CONTRASENIA2', 'CORREO2@FLIPBOARD.COM', ' ', to_date('26-MAY-15','DD-MON-RR'), 'USUARIO2');
Insert into FLIPBOARD.TBL_USUARIO (CODIGO_USUARIO, ALIAS_USUARIO, CANTIDAD_LECTORES, CANTIDAD_SEGUIDORES, CODIGO_IMAGEN, CONTRASENIA, CORREO_ELECTRONICO, DESCRIPCION_USUARIO, FECHA_REGISTRO, NOMBRE_USUARIO) values (3,'USUARIO3', 4, 1, 1, 'CONTRASENIA3', 'CORREO3@FLIPBOARD.COM', ' ', to_date('26-MAY-15','DD-MON-RR'), 'USUARIO3');
Insert into FLIPBOARD.TBL_USUARIO (CODIGO_USUARIO, ALIAS_USUARIO, CANTIDAD_LECTORES, CANTIDAD_SEGUIDORES, CODIGO_IMAGEN, CONTRASENIA, CORREO_ELECTRONICO, DESCRIPCION_USUARIO, FECHA_REGISTRO, NOMBRE_USUARIO) values (4,'USUARIO4', 3, 4, 2, 'CONTRASENIA4', 'CORREO4@FLIPBOARD.COM', ' ', to_date('26-MAY-15','DD-MON-RR'), 'USUARIO4');

COMMIT;